name,t1,t2,mos
00570_DCC-Net.mp4,-1,-1,31.9
39_StableLLVE.mp4,-1,-1,75.9
109_BPHEME.mp4,-1,-1,31.65
58_DCC-Net.mp4,-1,-1,51.1
100_AGCCPF.mp4,-1,-1,25.25
80.mp4,-1,-1,25.7
pair63_BPHEME.mp4,-1,-1,30.2
75_BPHEME.mp4,-1,-1,21.3
55_StableLLVE.mp4,-1,-1,54.1
67_BPHEME.mp4,-1,-1,42.15
41_JY.mp4,-1,-1,29.2
2_SGZSL.mp4,-1,-1,34.2
pair48_GHE.mp4,-1,-1,37.65
106_BPHEME.mp4,-1,-1,42.4
73_SGZSL.mp4,-1,-1,41.25
pair3_SGZSL.mp4,-1,-1,55.7
pair49.mp4,-1,-1,24.55
pair45_DCC-Net.mp4,-1,-1,54.8
pair17_StableLLVE.mp4,-1,-1,44.4
57_StableLLVE.mp4,-1,-1,75.95
pair13_AGCCPF.mp4,-1,-1,30.4
102_StableLLVE.mp4,-1,-1,40.55
pair44_BPHEME.mp4,-1,-1,30.05
pair18_GHE.mp4,-1,-1,56.6
8372557828_JY.mp4,-1,-1,13.3
45_AGCCPF.mp4,-1,-1,34.7
14_MBLLEN.mp4,-1,-1,44.2
3861648412_SGZSL.mp4,-1,-1,26.5
pair38_BPHEME.mp4,-1,-1,23.15
11_MBLLEN.mp4,-1,-1,68.6
8431144343_BPHEME.mp4,-1,-1,20.95
6149591212.mp4,-1,-1,18.5
113_GHE.mp4,-1,-1,36.95
6135877141_StableLLVE.mp4,-1,-1,20.5
88_SGZSL.mp4,-1,-1,52.85
0923.mp4,-1,-1,73.85
8324243833_BPHEME.mp4,-1,-1,16.05
8215074237_MBLLEN.mp4,-1,-1,32.45
1009_AGCCPF.mp4,-1,-1,60.25
59_StableLLVE.mp4,-1,-1,33.85
25_MBLLEN.mp4,-1,-1,46.2
pair28_JY.mp4,-1,-1,43.75
96_SGZSL.mp4,-1,-1,38.2
1019.mp4,-1,-1,58.45
60_DCC-Net.mp4,-1,-1,20.25
pair14_SGZSL.mp4,-1,-1,36.15
16_JY.mp4,-1,-1,65.55
104.mp4,-1,-1,18.85
00548_SGZSL.mp4,-1,-1,51.5
108_SGZSL.mp4,-1,-1,29.35
6469679863_JY.mp4,-1,-1,15.75
3263720175_BPHEME.mp4,-1,-1,12.35
pair41_StableLLVE.mp4,-1,-1,54.9
1019_GHE.mp4,-1,-1,69.7
55_AGCCPF.mp4,-1,-1,37.7
6_AGCCPF.mp4,-1,-1,22.9
00729_StableLLVE.mp4,-1,-1,22.4
82_SGZSL.mp4,-1,-1,39.35
6268574586.mp4,-1,-1,13.55
41_StableLLVE.mp4,-1,-1,26.5
35_JY.mp4,-1,-1,71.85
pair31_BPHEME.mp4,-1,-1,22.75
pair68_GHE.mp4,-1,-1,34.25
46_MBLLEN.mp4,-1,-1,54.9
00543_MBLLEN.mp4,-1,-1,52.85
38_JY.mp4,-1,-1,45.9
5850199057_AGCCPF.mp4,-1,-1,22.25
pair8.mp4,-1,-1,30.45
23_MBLLEN.mp4,-1,-1,62
40_JY.mp4,-1,-1,46
pair7_JY.mp4,-1,-1,43.1
pair20_SGZSL.mp4,-1,-1,60.3
73_JY.mp4,-1,-1,37.2
3770747002.mp4,-1,-1,12.85
pair5_GHE.mp4,-1,-1,51.95
10_BPHEME.mp4,-1,-1,48.55
00729_JY.mp4,-1,-1,23.95
28_AGCCPF.mp4,-1,-1,25.6
0923_BPHEME.mp4,-1,-1,70.15
pair19_AGCCPF.mp4,-1,-1,37.8
pair46_GHE.mp4,-1,-1,29.05
pair8_GHE.mp4,-1,-1,56.75
3699089579_SGZSL.mp4,-1,-1,32.65
8324243833_AGCCPF.mp4,-1,-1,21.5
107.mp4,-1,-1,21
1009_JY.mp4,-1,-1,64
55_BPHEME.mp4,-1,-1,30.65
00484_GHE.mp4,-1,-1,17.6
114_GHE.mp4,-1,-1,57
113.mp4,-1,-1,44.6
pair23_AGCCPF.mp4,-1,-1,31.1
pair49_GHE.mp4,-1,-1,50.6
8278672659.mp4,-1,-1,18.5
26_MBLLEN.mp4,-1,-1,21.25
pair21_AGCCPF.mp4,-1,-1,35.65
00021_AGCCPF.mp4,-1,-1,59.45
60_StableLLVE.mp4,-1,-1,22.75
00543_DCC-Net.mp4,-1,-1,34.6
4406917423_SGZSL.mp4,-1,-1,36.5
83_JY.mp4,-1,-1,30.5
59_MBLLEN.mp4,-1,-1,32.7
1009_StableLLVE.mp4,-1,-1,59.55
4236199952_BPHEME.mp4,-1,-1,39.5
9494995600_JY.mp4,-1,-1,17.3
pair38.mp4,-1,-1,26.95
81_DCC-Net.mp4,-1,-1,50.2
pair59_GHE.mp4,-1,-1,46.15
12.mp4,-1,-1,17.65
51_MBLLEN.mp4,-1,-1,28.3
5_StableLLVE.mp4,-1,-1,32.95
5694745216_DCC-Net.mp4,-1,-1,16.1
4406917423_BPHEME.mp4,-1,-1,22.15
00031_BPHEME.mp4,-1,-1,35.65
pair4_JY.mp4,-1,-1,46.25
29_GHE.mp4,-1,-1,69
3699089579_AGCCPF.mp4,-1,-1,31.9
pair35.mp4,-1,-1,27.7
00548_MBLLEN.mp4,-1,-1,48.4
40.mp4,-1,-1,24.65
70_SGZSL.mp4,-1,-1,18.15
116_JY.mp4,-1,-1,62.4
114_JY.mp4,-1,-1,60.55
pair17_SGZSL.mp4,-1,-1,41.25
53_BPHEME.mp4,-1,-1,24.45
93_StableLLVE.mp4,-1,-1,73.7
12_StableLLVE.mp4,-1,-1,30.5
8635322862_StableLLVE.mp4,-1,-1,25.85
2_AGCCPF.mp4,-1,-1,38.2
00818_DCC-Net.mp4,-1,-1,36.55
63_AGCCPF.mp4,-1,-1,52.25
pair21_StableLLVE.mp4,-1,-1,50.65
pair56_BPHEME.mp4,-1,-1,22.8
12_MBLLEN.mp4,-1,-1,35.05
2_DCC-Net.mp4,-1,-1,26.95
pair11_GHE.mp4,-1,-1,36.95
6135877141_BPHEME.mp4,-1,-1,20.1
104_BPHEME.mp4,-1,-1,26.2
pair59_BPHEME.mp4,-1,-1,22.35
pair29_DCC-Net.mp4,-1,-1,59.6
pair45.mp4,-1,-1,25.2
pair15.mp4,-1,-1,23.45
pair44_StableLLVE.mp4,-1,-1,52.6
pair68_JY.mp4,-1,-1,54.85
108_GHE.mp4,-1,-1,25.85
38_GHE.mp4,-1,-1,44
104_AGCCPF.mp4,-1,-1,30.6
19.mp4,-1,-1,45.65
103_BPHEME_BPHEME.mp4,-1,-1,33.1
47_AGCCPF.mp4,-1,-1,45.65
pair11_JY.mp4,-1,-1,39.7
pair60_GHE.mp4,-1,-1,58.4
53_GHE.mp4,-1,-1,24.85
1_MBLLEN.mp4,-1,-1,35.7
32_BPHEME.mp4,-1,-1,50.8
3699089579.mp4,-1,-1,25.15
8215074237.mp4,-1,-1,26.4
85_BPHEME.mp4,-1,-1,25.15
pair52.mp4,-1,-1,24.35
8324243833_JY.mp4,-1,-1,19.45
112_DCC-Net.mp4,-1,-1,50.4
30_SGZSL.mp4,-1,-1,16.6
pair54_StableLLVE.mp4,-1,-1,39.3
40_GHE.mp4,-1,-1,36.7
3627681183_SGZSL.mp4,-1,-1,27.65
48.mp4,-1,-1,55.6
pair41_BPHEME.mp4,-1,-1,21.55
4_StableLLVE.mp4,-1,-1,17.95
75_AGCCPF.mp4,-1,-1,20.95
pair33.mp4,-1,-1,26.7
00567_SGZSL.mp4,-1,-1,48.6
111.mp4,-1,-1,28.6
65_StableLLVE.mp4,-1,-1,64.7
pair53_JY.mp4,-1,-1,38.65
pair10.mp4,-1,-1,19.7
pair54_GHE.mp4,-1,-1,39.45
01024_SGZSL.mp4,-1,-1,20.15
1009_BPHEME.mp4,-1,-1,56.25
6_JY.mp4,-1,-1,23.4
15.mp4,-1,-1,44.3
1_SGZSL.mp4,-1,-1,33.55
00611.mp4,-1,-1,12.95
97_SGZSL.mp4,-1,-1,46.1
15_MBLLEN.mp4,-1,-1,62.1
3825035703_StableLLVE.mp4,-1,-1,29
pair5_JY.mp4,-1,-1,48.7
114_StableLLVE.mp4,-1,-1,64.75
4406917423_AGCCPF.mp4,-1,-1,26.2
0911skateBoard_SGZSL.mp4,-1,-1,65.85
pair18_DCC-Net.mp4,-1,-1,55.35
pair23_GHE.mp4,-1,-1,56.9
pair43_AGCCPF.mp4,-1,-1,33.1
pair14_GHE.mp4,-1,-1,44.85
25_StableLLVE.mp4,-1,-1,47.75
45_MBLLEN.mp4,-1,-1,37.1
pair51_BPHEME.mp4,-1,-1,24.95
3263720175_MBLLEN.mp4,-1,-1,20.6
0817_StableLLVE.mp4,-1,-1,68.55
3825035703_BPHEME.mp4,-1,-1,36.2
pair68.mp4,-1,-1,28.4
4_SGZSL.mp4,-1,-1,23.3
5850199057.mp4,-1,-1,13.6
20_DCC-Net.mp4,-1,-1,60.95
98_BPHEME.mp4,-1,-1,16.75
5850199057_DCC-Net.mp4,-1,-1,23.6
67_SGZSL.mp4,-1,-1,59.4
93_BPHEME.mp4,-1,-1,47.3
pair2_SGZSL.mp4,-1,-1,48.5
27_MBLLEN.mp4,-1,-1,26.85
29_MBLLEN.mp4,-1,-1,66.4
4406917423_GHE.mp4,-1,-1,16.05
pair22_JY.mp4,-1,-1,45.45
49_AGCCPF.mp4,-1,-1,51.05
94_DCC-Net.mp4,-1,-1,29.65
115_GHE.mp4,-1,-1,54.05
pair42_StableLLVE.mp4,-1,-1,48.4
45.mp4,-1,-1,22.35
98_AGCCPF.mp4,-1,-1,31.8
pair29_SGZSL.mp4,-1,-1,55.55
24_GHE.mp4,-1,-1,30.35
pair28_BPHEME.mp4,-1,-1,24.85
pair51_StableLLVE.mp4,-1,-1,45
pair16_DCC-Net.mp4,-1,-1,36.55
pair16_AGCCPF.mp4,-1,-1,30.5
66_AGCCPF.mp4,-1,-1,27.65
pair55_AGCCPF.mp4,-1,-1,37.25
3770747002_SGZSL.mp4,-1,-1,15.55
4236199952_DCC-Net.mp4,-1,-1,44.9
114.mp4,-1,-1,50.9
pair57_StableLLVE.mp4,-1,-1,60.55
81_JY.mp4,-1,-1,51.4
71_AGCCPF.mp4,-1,-1,16.05
00603_DCC-Net.mp4,-1,-1,65.8
pair28_GHE.mp4,-1,-1,49.4
00723_JY.mp4,-1,-1,53.85
65_JY.mp4,-1,-1,58.55
63_BPHEME.mp4,-1,-1,52.55
78_JY.mp4,-1,-1,36.95
45_BPHEME.mp4,-1,-1,28.5
pair15_StableLLVE.mp4,-1,-1,43.5
pair44_GHE.mp4,-1,-1,42.65
28_MBLLEN.mp4,-1,-1,30.35
11_SGZSL.mp4,-1,-1,67.65
42.mp4,-1,-1,28.65
54_AGCCPF.mp4,-1,-1,27.35
pair24_JY.mp4,-1,-1,35.95
7969995368_GHE.mp4,-1,-1,42.4
pair8_BPHEME.mp4,-1,-1,27.1
17_AGCCPF.mp4,-1,-1,59.45
98_StableLLVE.mp4,-1,-1,23.6
pair22_StableLLVE.mp4,-1,-1,60.15
9494995600_AGCCPF.mp4,-1,-1,18.95
71.mp4,-1,-1,15.15
99_AGCCPF.mp4,-1,-1,55.9
67.mp4,-1,-1,38.6
00484_JY.mp4,-1,-1,38.65
pair55_DCC-Net.mp4,-1,-1,49.7
pair14_StableLLVE.mp4,-1,-1,43.6
95_StableLLVE.mp4,-1,-1,39.9
5107749210_SGZSL.mp4,-1,-1,17.65
5107749210_BPHEME.mp4,-1,-1,17.85
pair2.mp4,-1,-1,24.2
19_SGZSL.mp4,-1,-1,58.85
105.mp4,-1,-1,25.4
4206970561_JY.mp4,-1,-1,32.75
13_StableLLVE.mp4,-1,-1,39.15
5570426341.mp4,-1,-1,11.1
80_BPHEME.mp4,-1,-1,31.55
00818_AGCCPF.mp4,-1,-1,56.45
6_BPHEME.mp4,-1,-1,19.8
116_DCC-Net.mp4,-1,-1,38.45
37.mp4,-1,-1,18.05
21_MBLLEN.mp4,-1,-1,48.05
91_GHE.mp4,-1,-1,19
13.mp4,-1,-1,31.7
00484_MBLLEN.mp4,-1,-1,19.5
11.mp4,-1,-1,60.35
4897814885_SGZSL.mp4,-1,-1,34.3
108_DCC-Net.mp4,-1,-1,25.75
pair5_DCC-Net.mp4,-1,-1,59.5
61_DCC-Net.mp4,-1,-1,30.25
6469679863_SGZSL.mp4,-1,-1,14.85
87_SGZSL.mp4,-1,-1,43.4
74_GHE.mp4,-1,-1,23.95
1022_AGCCPF.mp4,-1,-1,64.5
105_GHE.mp4,-1,-1,27.2
17_JY.mp4,-1,-1,61.4
pair9_AGCCPF.mp4,-1,-1,30.3
25_SGZSL.mp4,-1,-1,56
pair57_SGZSL.mp4,-1,-1,55.25
33_JY.mp4,-1,-1,39.05
pair25_JY.mp4,-1,-1,31.45
3263720175_JY.mp4,-1,-1,22.8
6135877141_SGZSL.mp4,-1,-1,18.9
3263720175_GHE.mp4,-1,-1,24.4
65_MBLLEN.mp4,-1,-1,46.3
pair12_BPHEME.mp4,-1,-1,21.6
38_SGZSL.mp4,-1,-1,45.55
42_GHE.mp4,-1,-1,52.25
pair59_JY.mp4,-1,-1,37.95
42_JY.mp4,-1,-1,47
pair48.mp4,-1,-1,24.85
3263720175_AGCCPF.mp4,-1,-1,23.5
pair66.mp4,-1,-1,27.05
6792979288_DCC-Net.mp4,-1,-1,19.65
8_StableLLVE.mp4,-1,-1,70.2
39_JY.mp4,-1,-1,75
00611_StableLLVE.mp4,-1,-1,13.05
6059351914_StableLLVE.mp4,-1,-1,21.25
8431144343_SGZSL.mp4,-1,-1,42.65
4323977167_MBLLEN.mp4,-1,-1,41.4
pair30_BPHEME.mp4,-1,-1,21
10_StableLLVE.mp4,-1,-1,61.75
pair51.mp4,-1,-1,22.55
pair32_BPHEME.mp4,-1,-1,20.95
7358630018_BPHEME.mp4,-1,-1,22.35
54_GHE.mp4,-1,-1,34.75
5107749210_GHE.mp4,-1,-1,12.25
pair6_StableLLVE.mp4,-1,-1,59.9
pair50.mp4,-1,-1,24.45
87_JY.mp4,-1,-1,41.65
109_SGZSL.mp4,-1,-1,67.35
57_JY.mp4,-1,-1,80.15
5107749210_StableLLVE.mp4,-1,-1,18.7
pair15_GHE.mp4,-1,-1,46.2
40_SGZSL.mp4,-1,-1,54
104_DCC-Net.mp4,-1,-1,30.3
pair7_BPHEME.mp4,-1,-1,26.1
pair26_StableLLVE.mp4,-1,-1,53.2
00480_AGCCPF.mp4,-1,-1,55.6
3627681183_GHE.mp4,-1,-1,16.95
10_MBLLEN.mp4,-1,-1,69
4406917423_JY.mp4,-1,-1,30
pair40_AGCCPF.mp4,-1,-1,27.6
4897814885.mp4,-1,-1,24.15
00538_SGZSL.mp4,-1,-1,44.3
4897814885_StableLLVE.mp4,-1,-1,33.85
pair26_BPHEME.mp4,-1,-1,26.05
64.mp4,-1,-1,22.55
69_DCC-Net.mp4,-1,-1,13.35
20_BPHEME.mp4,-1,-1,62.2
63_DCC-Net.mp4,-1,-1,53.55
pair70_BPHEME.mp4,-1,-1,24.9
42_MBLLEN.mp4,-1,-1,51.05
94_StableLLVE.mp4,-1,-1,32.4
6123040072.mp4,-1,-1,14.75
41_BPHEME.mp4,-1,-1,27.05
41_SGZSL.mp4,-1,-1,27.25
104_SGZSL.mp4,-1,-1,39.3
pair67_DCC-Net.mp4,-1,-1,60.4
4406917423.mp4,-1,-1,11.7
00723_GHE.mp4,-1,-1,29.9
105_SGZSL.mp4,-1,-1,47.65
84_BPHEME.mp4,-1,-1,48.45
41_GHE.mp4,-1,-1,22.9
pair21.mp4,-1,-1,26.95
26_SGZSL.mp4,-1,-1,18.35
36.mp4,-1,-1,16
pair4_BPHEME.mp4,-1,-1,25.75
50_AGCCPF.mp4,-1,-1,50.6
8215074237_BPHEME.mp4,-1,-1,20.9
pair57_DCC-Net.mp4,-1,-1,61.65
25_AGCCPF.mp4,-1,-1,52.1
8635322862_AGCCPF.mp4,-1,-1,22.8
65_AGCCPF.mp4,-1,-1,57.75
pair60_JY.mp4,-1,-1,37.4
pair38_AGCCPF.mp4,-1,-1,30.3
pair60_StableLLVE.mp4,-1,-1,47.85
96_StableLLVE.mp4,-1,-1,36.85
5694745216.mp4,-1,-1,15.4
pair16.mp4,-1,-1,23.55
79_AGCCPF.mp4,-1,-1,78
52.mp4,-1,-1,47.2
81_SGZSL.mp4,-1,-1,49.4
117_StableLLVE.mp4,-1,-1,60.8
8278672659_BPHEME.mp4,-1,-1,18.45
pair64_SGZSL.mp4,-1,-1,53.9
00596_GHE.mp4,-1,-1,16.2
73_StableLLVE.mp4,-1,-1,43.7
54_DCC-Net.mp4,-1,-1,33.45
29_JY.mp4,-1,-1,70.1
00031_DCC-Net.mp4,-1,-1,51.65
0923_SGZSL.mp4,-1,-1,60.05
13_AGCCPF.mp4,-1,-1,52.65
44_AGCCPF.mp4,-1,-1,73.7
pair42_AGCCPF.mp4,-1,-1,31.3
pair47_StableLLVE.mp4,-1,-1,47.85
11_AGCCPF.mp4,-1,-1,67.3
pair57_AGCCPF.mp4,-1,-1,39.5
pair20_DCC-Net.mp4,-1,-1,55
pair49_StableLLVE.mp4,-1,-1,43.9
86_AGCCPF.mp4,-1,-1,50.35
pair50_StableLLVE.mp4,-1,-1,44.45
7_StableLLVE.mp4,-1,-1,51.45
9814654176_DCC-Net.mp4,-1,-1,14.1
86_SGZSL.mp4,-1,-1,56.2
7_DCC-Net.mp4,-1,-1,50.65
47_MBLLEN.mp4,-1,-1,45.5
7969995368_BPHEME.mp4,-1,-1,21.95
37_DCC-Net.mp4,-1,-1,40.55
5668545266_SGZSL.mp4,-1,-1,15
28.mp4,-1,-1,18.1
75_GHE.mp4,-1,-1,22.65
75.mp4,-1,-1,15.2
pair46_AGCCPF.mp4,-1,-1,30.65
6268574586_DCC-Net.mp4,-1,-1,12.1
3861648412_JY.mp4,-1,-1,29.1
32_AGCCPF.mp4,-1,-1,46.5
00002_MBLLEN.mp4,-1,-1,54.7
pair44_SGZSL.mp4,-1,-1,42.1
8278672659_GHE.mp4,-1,-1,29.6
43_JY.mp4,-1,-1,61.25
81_StableLLVE.mp4,-1,-1,56.75
48_BPHEME.mp4,-1,-1,60.1
pair14.mp4,-1,-1,21.9
3699089579_DCC-Net.mp4,-1,-1,30.6
49_MBLLEN.mp4,-1,-1,37.45
pair12_SGZSL.mp4,-1,-1,42.1
1_DCC-Net.mp4,-1,-1,35.95
59_BPHEME.mp4,-1,-1,25.4
00596_StableLLVE.mp4,-1,-1,24.05
66_MBLLEN.mp4,-1,-1,22.25
72_DCC-Net.mp4,-1,-1,49.95
pair39_AGCCPF.mp4,-1,-1,29.2
1009_SGZSL.mp4,-1,-1,67.9
00042_StableLLVE.mp4,-1,-1,64.15
79.mp4,-1,-1,69.05
3627681183_AGCCPF.mp4,-1,-1,32.55
pair49_SGZSL.mp4,-1,-1,42.65
17_GHE.mp4,-1,-1,69.15
pair22_AGCCPF.mp4,-1,-1,33.75
pair58_BPHEME.mp4,-1,-1,23.65
23_SGZSL.mp4,-1,-1,83.7
116_GHE.mp4,-1,-1,36.45
pair43_JY.mp4,-1,-1,43.45
42_AGCCPF.mp4,-1,-1,45.85
9814654176_SGZSL.mp4,-1,-1,24.4
8320880668_SGZSL.mp4,-1,-1,11.5
pair6_DCC-Net.mp4,-1,-1,59.9
6135877141_AGCCPF.mp4,-1,-1,20.85
50_StableLLVE.mp4,-1,-1,62.7
0911panGarden_StableLLVE.mp4,-1,-1,58.6
7_GHE.mp4,-1,-1,52.65
pair21_SGZSL.mp4,-1,-1,47.9
00042_DCC-Net.mp4,-1,-1,59.45
pair27_BPHEME.mp4,-1,-1,32.6
56_SGZSL.mp4,-1,-1,51.2
101_BPHEME.mp4,-1,-1,48.15
pair18_AGCCPF.mp4,-1,-1,46.4
pair26.mp4,-1,-1,27.85
71_GHE.mp4,-1,-1,11.15
109_GHE.mp4,-1,-1,29.15
00021_JY.mp4,-1,-1,62.6
pair34_AGCCPF.mp4,-1,-1,32.6
19_StableLLVE.mp4,-1,-1,58.45
pair18.mp4,-1,-1,29.2
50_MBLLEN.mp4,-1,-1,54.9
7_MBLLEN.mp4,-1,-1,40.65
pair10_DCC-Net.mp4,-1,-1,59.2
6792979288_GHE.mp4,-1,-1,18.9
3627681183_BPHEME.mp4,-1,-1,15.3
pair20_StableLLVE.mp4,-1,-1,60
66_BPHEME.mp4,-1,-1,23.45
pair52_AGCCPF.mp4,-1,-1,32.15
30_GHE.mp4,-1,-1,20.1
pair60_BPHEME.mp4,-1,-1,23.45
47_DCC-Net.mp4,-1,-1,47.7
5805360253_BPHEME.mp4,-1,-1,16.7
pair29.mp4,-1,-1,28.2
99_SGZSL.mp4,-1,-1,62.6
58_JY.mp4,-1,-1,43.8
39.mp4,-1,-1,55.35
pair63_JY.mp4,-1,-1,40.2
5_BPHEME.mp4,-1,-1,21.55
6792979288_AGCCPF.mp4,-1,-1,17.3
pair67_AGCCPF.mp4,-1,-1,28.05
pair70_DCC-Net.mp4,-1,-1,54.95
66_GHE.mp4,-1,-1,23.35
14_GHE.mp4,-1,-1,46.85
26.mp4,-1,-1,15.15
4897814885_AGCCPF.mp4,-1,-1,36.9
7390590300_DCC-Net.mp4,-1,-1,29.3
63_GHE.mp4,-1,-1,55
pair70_SGZSL.mp4,-1,-1,52.75
pair47_GHE.mp4,-1,-1,44
12_SGZSL.mp4,-1,-1,30.45
91_StableLLVE.mp4,-1,-1,24.4
85_DCC-Net.mp4,-1,-1,37.9
50_BPHEME.mp4,-1,-1,32.1
21_SGZSL.mp4,-1,-1,71.15
77.mp4,-1,-1,22.5
pair7.mp4,-1,-1,25.9
pair12_DCC-Net.mp4,-1,-1,50.05
52_DCC-Net.mp4,-1,-1,57.55
57_MBLLEN.mp4,-1,-1,73.8
104_JY.mp4,-1,-1,32.85
73_BPHEME.mp4,-1,-1,33.85
89_AGCCPF.mp4,-1,-1,34.55
00543_SGZSL.mp4,-1,-1,25.15
110_StableLLVE.mp4,-1,-1,66.3
7390590300_SGZSL.mp4,-1,-1,36.7
40_BPHEME.mp4,-1,-1,40.1
22_AGCCPF.mp4,-1,-1,42.35
17_MBLLEN.mp4,-1,-1,63.55
pair19_SGZSL.mp4,-1,-1,56
109.mp4,-1,-1,58.1
pair6_SGZSL.mp4,-1,-1,57.75
4020832533_GHE.mp4,-1,-1,34.65
pair56_SGZSL.mp4,-1,-1,55.25
104_GHE.mp4,-1,-1,29.05
101.mp4,-1,-1,31.6
19_AGCCPF.mp4,-1,-1,59.7
pair70_AGCCPF.mp4,-1,-1,32.35
pair31_SGZSL.mp4,-1,-1,43.85
pair61_DCC-Net.mp4,-1,-1,49.45
101_GHE.mp4,-1,-1,39.2
105_BPHEME.mp4,-1,-1,32.25
111_DCC-Net_DCC-Net.mp4,-1,-1,30.3
20_JY.mp4,-1,-1,68.65
7390590300_JY.mp4,-1,-1,35.7
57_DCC-Net.mp4,-1,-1,72.8
00570_StableLLVE.mp4,-1,-1,55.65
112_JY.mp4,-1,-1,63.85
00538_JY.mp4,-1,-1,54
4897814885_JY.mp4,-1,-1,37.05
21.mp4,-1,-1,51.85
51_BPHEME.mp4,-1,-1,25.75
pair40.mp4,-1,-1,23.5
6469679863_DCC-Net.mp4,-1,-1,11.5
3770747002_BPHEME.mp4,-1,-1,17.55
pair8_JY.mp4,-1,-1,46.8
93_AGCCPF.mp4,-1,-1,62.9
111_JY.mp4,-1,-1,39.35
1019_AGCCPF.mp4,-1,-1,78.35
00567_MBLLEN.mp4,-1,-1,46.65
1009_GHE.mp4,-1,-1,67.5
3627681183.mp4,-1,-1,17.8
15_DCC-Net.mp4,-1,-1,62.4
5412442677_DCC-Net.mp4,-1,-1,21.95
12_BPHEME.mp4,-1,-1,18.1
22.mp4,-1,-1,27
97_StableLLVE.mp4,-1,-1,43.25
pair4.mp4,-1,-1,25.4
pair34_JY.mp4,-1,-1,38.7
7390590300_AGCCPF.mp4,-1,-1,33.45
42_DCC-Net.mp4,-1,-1,52.8
94.mp4,-1,-1,20.45
15_StableLLVE.mp4,-1,-1,67.6
22_DCC-Net.mp4,-1,-1,42.35
00543_JY.mp4,-1,-1,47.25
pair48_DCC-Net.mp4,-1,-1,46.05
113_JY.mp4,-1,-1,57.05
78_GHE.mp4,-1,-1,27.55
110.mp4,-1,-1,57.6
28_JY.mp4,-1,-1,31.25
3825035703.mp4,-1,-1,25.5
110_BPHEME.mp4,-1,-1,57.75
27_StableLLVE.mp4,-1,-1,29.5
0923_JY.mp4,-1,-1,66.75
pair51_JY.mp4,-1,-1,32.45
67_GHE.mp4,-1,-1,49.7
78_AGCCPF.mp4,-1,-1,31.55
pair61_SGZSL.mp4,-1,-1,38.85
5893880541_SGZSL.mp4,-1,-1,19.35
44_BPHEME.mp4,-1,-1,67.5
95_GHE.mp4,-1,-1,39.5
89_StableLLVE.mp4,-1,-1,39.2
115.mp4,-1,-1,51.4
pair11_AGCCPF.mp4,-1,-1,30.15
9494995600.mp4,-1,-1,13.55
00603.mp4,-1,-1,43.8
3861648412_AGCCPF.mp4,-1,-1,22.35
58.mp4,-1,-1,34.5
6135877141_GHE.mp4,-1,-1,18.05
80_JY.mp4,-1,-1,44.25
00729.mp4,-1,-1,15.95
pair39.mp4,-1,-1,24.9
69.mp4,-1,-1,18.95
17_SGZSL.mp4,-1,-1,68.85
00570_JY.mp4,-1,-1,64.5
48_AGCCPF.mp4,-1,-1,66.4
pair17_GHE.mp4,-1,-1,41.35
99_BPHEME.mp4,-1,-1,49.55
pair61.mp4,-1,-1,23.5
4897814885_MBLLEN.mp4,-1,-1,31.5
pair1_GHE.mp4,-1,-1,61
pair49_JY.mp4,-1,-1,38.7
10132105415_MBLLEN.mp4,-1,-1,19.5
16_StableLLVE.mp4,-1,-1,69.85
pair23.mp4,-1,-1,25.05
9494995600_BPHEME.mp4,-1,-1,14.55
pair10_JY.mp4,-1,-1,43.7
pair64_JY.mp4,-1,-1,49.35
pair12_AGCCPF.mp4,-1,-1,29.2
pair18_SGZSL.mp4,-1,-1,57.8
pair63_GHE.mp4,-1,-1,52.45
pair60_SGZSL.mp4,-1,-1,49.4
3699089579_GHE.mp4,-1,-1,29.25
88_AGCCPF.mp4,-1,-1,47.9
7969995368_DCC-Net.mp4,-1,-1,24.85
6131895268_SGZSL.mp4,-1,-1,14
110_SGZSL.mp4,-1,-1,63.9
87_AGCCPF.mp4,-1,-1,48.3
78_SGZSL.mp4,-1,-1,33.35
6469679863_MBLLEN.mp4,-1,-1,14.1
8372557828_StableLLVE.mp4,-1,-1,7.45
8324243833.mp4,-1,-1,14.55
36_StableLLVE.mp4,-1,-1,19.05
pair48_JY.mp4,-1,-1,35.95
62_SGZSL.mp4,-1,-1,35.25
4020832533_SGZSL.mp4,-1,-1,40.75
3627681183_StableLLVE.mp4,-1,-1,19.4
8320880668.mp4,-1,-1,14.05
pair4_DCC-Net.mp4,-1,-1,59.9
pair17.mp4,-1,-1,24
82_JY.mp4,-1,-1,43.7
00818_SGZSL.mp4,-1,-1,50.1
pair42_JY.mp4,-1,-1,42.45
6059351914_SGZSL.mp4,-1,-1,15.75
pair33_DCC-Net.mp4,-1,-1,53.95
5694745216_SGZSL.mp4,-1,-1,25.8
4236199952_StableLLVE.mp4,-1,-1,46.45
pair59_AGCCPF.mp4,-1,-1,30.55
44_DCC-Net.mp4,-1,-1,62.25
51_GHE.mp4,-1,-1,27.15
8324243833_MBLLEN.mp4,-1,-1,20.2
00110_JY.mp4,-1,-1,56.35
24_SGZSL.mp4,-1,-1,69.6
10_JY.mp4,-1,-1,65.3
44_SGZSL.mp4,-1,-1,74.45
63_MBLLEN.mp4,-1,-1,59.5
113_BPHEME.mp4,-1,-1,38.7
6812062788_MBLLEN.mp4,-1,-1,36.5
40_AGCCPF.mp4,-1,-1,41.05
pair47_DCC-Net.mp4,-1,-1,62.15
108_StableLLVE.mp4,-1,-1,28.6
74_BPHEME.mp4,-1,-1,25.55
24.mp4,-1,-1,48.65
53_MBLLEN.mp4,-1,-1,25.25
22_JY.mp4,-1,-1,38.9
117.mp4,-1,-1,48.5
84_JY.mp4,-1,-1,57.55
pair40_SGZSL.mp4,-1,-1,46.95
80_DCC-Net.mp4,-1,-1,25.6
0911skateBoard.mp4,-1,-1,62.45
00021_BPHEME.mp4,-1,-1,33.8
8_DCC-Net.mp4,-1,-1,61.1
117_DCC-Net.mp4,-1,-1,41.25
105_AGCCPF.mp4,-1,-1,38.3
01024_StableLLVE.mp4,-1,-1,45.95
4323977167_BPHEME.mp4,-1,-1,21
102.mp4,-1,-1,22.95
pair19_BPHEME.mp4,-1,-1,26.35
33_StableLLVE.mp4,-1,-1,46.85
88_JY.mp4,-1,-1,49.3
117_JY.mp4,-1,-1,62.45
8635322862.mp4,-1,-1,11.95
pair15_SGZSL.mp4,-1,-1,47.45
pair52_StableLLVE.mp4,-1,-1,42.45
pair69_StableLLVE.mp4,-1,-1,58.2
102_SGZSL.mp4,-1,-1,42.75
100_JY.mp4,-1,-1,23.5
103_GHE.mp4,-1,-1,40.5
5.mp4,-1,-1,15.85
43_StableLLVE.mp4,-1,-1,70.5
6_SGZSL.mp4,-1,-1,24
66_JY.mp4,-1,-1,25
pair58_JY.mp4,-1,-1,36.75
23.mp4,-1,-1,48.2
pair2_BPHEME.mp4,-1,-1,21.15
pair30_DCC-Net.mp4,-1,-1,61.8
25_GHE.mp4,-1,-1,54.55
pair51_SGZSL.mp4,-1,-1,37.6
67_StableLLVE.mp4,-1,-1,55.35
99.mp4,-1,-1,56.1
pair69_DCC-Net.mp4,-1,-1,64.8
47.mp4,-1,-1,31
56_DCC-Net.mp4,-1,-1,45.3
pair54_AGCCPF.mp4,-1,-1,26.5
79_GHE.mp4,-1,-1,66.45
pair45_StableLLVE.mp4,-1,-1,56.1
7.mp4,-1,-1,20.7
14_DCC-Net.mp4,-1,-1,47.8
pair5_BPHEME.mp4,-1,-1,26.2
6149591212_BPHEME.mp4,-1,-1,20.95
pair9_JY.mp4,-1,-1,35.7
36_BPHEME.mp4,-1,-1,16.55
16_BPHEME.mp4,-1,-1,58.7
85_GHE.mp4,-1,-1,30.3
pair52_BPHEME.mp4,-1,-1,27.75
77_DCC-Net.mp4,-1,-1,22.4
36_SGZSL.mp4,-1,-1,16.3
3825035703_AGCCPF.mp4,-1,-1,49
63_SGZSL.mp4,-1,-1,57.45
6059351914_MBLLEN.mp4,-1,-1,20.4
88_DCC-Net.mp4,-1,-1,49
6135877141_JY.mp4,-1,-1,20.6
pair22_SGZSL.mp4,-1,-1,50.55
8635322862_SGZSL.mp4,-1,-1,26.7
pair54_BPHEME.mp4,-1,-1,24.2
1022.mp4,-1,-1,51.35
78_StableLLVE.mp4,-1,-1,35.55
6123040072_AGCCPF.mp4,-1,-1,16.65
pair29_StableLLVE.mp4,-1,-1,54.8
63.mp4,-1,-1,43.65
pair41_JY.mp4,-1,-1,42.7
6812062788_DCC-Net.mp4,-1,-1,19.1
8_MBLLEN.mp4,-1,-1,64.85
pair7_AGCCPF.mp4,-1,-1,29.75
72_AGCCPF.mp4,-1,-1,33.05
103_JY.mp4,-1,-1,43.25
2.mp4,-1,-1,42.4
21_AGCCPF.mp4,-1,-1,63.75
00484_SGZSL.mp4,-1,-1,35.95
31_JY.mp4,-1,-1,57.3
pair63_AGCCPF.mp4,-1,-1,33.15
81_BPHEME.mp4,-1,-1,36.4
6812062788_GHE.mp4,-1,-1,28.35
00723.mp4,-1,-1,24.9
3861648412.mp4,-1,-1,14.4
pair66_AGCCPF.mp4,-1,-1,34.4
7969995368_StableLLVE.mp4,-1,-1,34.15
64_BPHEME.mp4,-1,-1,26.1
5850199057_SGZSL.mp4,-1,-1,24.4
17_DCC-Net.mp4,-1,-1,64
61_StableLLVE.mp4,-1,-1,39.1
84_StableLLVE.mp4,-1,-1,57.7
77_SGZSL.mp4,-1,-1,34.85
9814654176_MBLLEN.mp4,-1,-1,26.3
116_BPHEME.mp4,-1,-1,36.05
6812062788_AGCCPF.mp4,-1,-1,27.75
44_StableLLVE.mp4,-1,-1,65.7
8372557828.mp4,-1,-1,9.25
pair22_DCC-Net.mp4,-1,-1,57.75
4.mp4,-1,-1,17.4
7390590300_BPHEME.mp4,-1,-1,32.45
pair66_DCC-Net.mp4,-1,-1,59.3
pair15_BPHEME.mp4,-1,-1,30.85
1019_SGZSL.mp4,-1,-1,75.3
23_GHE.mp4,-1,-1,60.75
49_StableLLVE.mp4,-1,-1,49.8
00002_SGZSL.mp4,-1,-1,54.25
00548_BPHEME.mp4,-1,-1,20.75
116_SGZSL.mp4,-1,-1,68.8
pair25.mp4,-1,-1,23.45
pair46_StableLLVE.mp4,-1,-1,44.4
pair53_StableLLVE.mp4,-1,-1,49.5
00589_DCC-Net.mp4,-1,-1,24.85
47_SGZSL.mp4,-1,-1,44.6
21_DCC-Net.mp4,-1,-1,55.8
pair12_JY.mp4,-1,-1,38.65
16_AGCCPF.mp4,-1,-1,65.5
72_StableLLVE.mp4,-1,-1,50.65
93.mp4,-1,-1,50.1
5805360253_JY.mp4,-1,-1,20.9
pair70_GHE.mp4,-1,-1,51.1
0923_GHE.mp4,-1,-1,68.45
pair31_AGCCPF.mp4,-1,-1,25.9
12_AGCCPF.mp4,-1,-1,28.1
4206970561_BPHEME.mp4,-1,-1,27.65
6149591212_StableLLVE.mp4,-1,-1,21.4
29_AGCCPF.mp4,-1,-1,70.9
30_JY.mp4,-1,-1,25.25
98_SGZSL.mp4,-1,-1,27.6
5850199057_BPHEME.mp4,-1,-1,17.4
pair27.mp4,-1,-1,29.95
46_StableLLVE.mp4,-1,-1,59.15
60_AGCCPF.mp4,-1,-1,21.3
pair34_SGZSL.mp4,-1,-1,45.85
5694745216_AGCCPF.mp4,-1,-1,31.55
16_DCC-Net.mp4,-1,-1,60.7
00031.mp4,-1,-1,44.25
44.mp4,-1,-1,58.9
67_MBLLEN.mp4,-1,-1,52.15
83_StableLLVE.mp4,-1,-1,32.35
61_GHE.mp4,-1,-1,21.5
109_JY.mp4,-1,-1,67.9
3699089579_BPHEME.mp4,-1,-1,19.9
pair15_JY.mp4,-1,-1,36.95
00548_StableLLVE.mp4,-1,-1,25.85
4897814885_DCC-Net.mp4,-1,-1,29.05
41_AGCCPF.mp4,-1,-1,24.75
6_DCC-Net.mp4,-1,-1,23.85
pair53.mp4,-1,-1,26.1
pair2_AGCCPF.mp4,-1,-1,29.5
pair16_StableLLVE.mp4,-1,-1,38
pair67_StableLLVE.mp4,-1,-1,56.25
53_JY.mp4,-1,-1,26.5
77_StableLLVE.mp4,-1,-1,39.25
107_JY.mp4,-1,-1,35.95
5570426341_StableLLVE.mp4,-1,-1,12.8
64_JY.mp4,-1,-1,31.55
pair50_GHE.mp4,-1,-1,46.75
pair20_AGCCPF.mp4,-1,-1,38.4
00603_SGZSL.mp4,-1,-1,52.15
00570_AGCCPF.mp4,-1,-1,56.75
5805360253_DCC-Net.mp4,-1,-1,12.5
69_StableLLVE.mp4,-1,-1,14.65
106_GHE.mp4,-1,-1,47
62.mp4,-1,-1,19.85
97_GHE.mp4,-1,-1,46.55
00818_BPHEME.mp4,-1,-1,35.6
00484.mp4,-1,-1,14.65
48_StableLLVE.mp4,-1,-1,68.65
pair5_StableLLVE.mp4,-1,-1,56.4
pair47_JY.mp4,-1,-1,39.5
101_StableLLVE.mp4,-1,-1,52.1
6123040072_JY.mp4,-1,-1,20.55
40_MBLLEN.mp4,-1,-1,38.3
pair6.mp4,-1,-1,23.45
27_AGCCPF.mp4,-1,-1,33
35_GHE.mp4,-1,-1,60.1
4_MBLLEN.mp4,-1,-1,25.9
114_AGCCPF.mp4,-1,-1,65.1
pair39_SGZSL.mp4,-1,-1,47.5
pair57_JY.mp4,-1,-1,52.2
00110_GHE.mp4,-1,-1,46.4
65.mp4,-1,-1,39.6
102_BPHEME.mp4,-1,-1,27.15
6_StableLLVE.mp4,-1,-1,30.35
pair25_DCC-Net.mp4,-1,-1,36.2
110_AGCCPF.mp4,-1,-1,67.5
4406917423_StableLLVE.mp4,-1,-1,41.6
00538.mp4,-1,-1,39.55
pair21_GHE.mp4,-1,-1,56.25
4236199952_SGZSL.mp4,-1,-1,56.35
pair33_StableLLVE.mp4,-1,-1,46.65
pair69.mp4,-1,-1,27.5
7969995368_SGZSL.mp4,-1,-1,45.3
6792979288.mp4,-1,-1,14.1
5668545266_DCC-Net.mp4,-1,-1,7.75
56.mp4,-1,-1,31.4
01024_DCC-Net.mp4,-1,-1,23.1
7358630018_DCC-Net.mp4,-1,-1,25.9
00723_MBLLEN.mp4,-1,-1,44.45
56_GHE.mp4,-1,-1,34
pair26_AGCCPF.mp4,-1,-1,36.85
62_MBLLEN.mp4,-1,-1,31.5
9494995600_SGZSL.mp4,-1,-1,15.7
89_SGZSL.mp4,-1,-1,38.55
pair15_AGCCPF.mp4,-1,-1,29.05
27_SGZSL.mp4,-1,-1,34.2
pair10_BPHEME.mp4,-1,-1,21.4
38_DCC-Net.mp4,-1,-1,47.6
15_BPHEME.mp4,-1,-1,46.9
82_DCC-Net.mp4,-1,-1,46.95
4206970561_GHE.mp4,-1,-1,31.15
pair32_SGZSL.mp4,-1,-1,56.45
pair41_DCC-Net.mp4,-1,-1,60.65
pair61_GHE.mp4,-1,-1,45
00484_StableLLVE.mp4,-1,-1,26.4
16_SGZSL.mp4,-1,-1,64.7
99_JY.mp4,-1,-1,59
5412442677_AGCCPF.mp4,-1,-1,23.2
pair63_SGZSL.mp4,-1,-1,43.15
pair38_DCC-Net.mp4,-1,-1,47.75
6149591212_MBLLEN.mp4,-1,-1,23.05
pair40_GHE.mp4,-1,-1,52.8
3770747002_StableLLVE.mp4,-1,-1,13.4
64_StableLLVE.mp4,-1,-1,33.65
115_DCC-Net.mp4,-1,-1,51.9
00567_DCC-Net.mp4,-1,-1,23.7
pair56_StableLLVE.mp4,-1,-1,54.8
91_SGZSL.mp4,-1,-1,28.55
96_DCC-Net.mp4,-1,-1,36.35
pair70_JY.mp4,-1,-1,46.45
pair46_DCC-Net.mp4,-1,-1,45.5
1.mp4,-1,-1,29.2
49.mp4,-1,-1,23.6
19_MBLLEN.mp4,-1,-1,59
56_BPHEME.mp4,-1,-1,33.85
53.mp4,-1,-1,19.4
pair34_GHE.mp4,-1,-1,53.75
26_GHE.mp4,-1,-1,9.45
pair7_SGZSL.mp4,-1,-1,42.6
8372557828_GHE.mp4,-1,-1,5.8
33_MBLLEN.mp4,-1,-1,39.1
22_MBLLEN.mp4,-1,-1,44.85
106_StableLLVE.mp4,-1,-1,50.25
112.mp4,-1,-1,57.5
00603_StableLLVE.mp4,-1,-1,43.55
11_GHE.mp4,-1,-1,67.4
23_JY.mp4,-1,-1,63.1
33.mp4,-1,-1,21.7
pair44_AGCCPF.mp4,-1,-1,29.35
8278672659_DCC-Net.mp4,-1,-1,25.5
15_AGCCPF.mp4,-1,-1,54.75
72_BPHEME.mp4,-1,-1,28.85
pair17_JY.mp4,-1,-1,38
10132105415_DCC-Net.mp4,-1,-1,15.95
0911panGarden_BPHEME.mp4,-1,-1,35.55
93_DCC-Net.mp4,-1,-1,62.45
00480_BPHEME.mp4,-1,-1,30.05
39_GHE.mp4,-1,-1,72.4
31_StableLLVE.mp4,-1,-1,65.65
pair30_SGZSL.mp4,-1,-1,53.7
01024_BPHEME.mp4,-1,-1,30.9
00480.mp4,-1,-1,36.85
00538_MBLLEN.mp4,-1,-1,40.95
5107749210_DCC-Net.mp4,-1,-1,10.3
6059351914_BPHEME.mp4,-1,-1,16.3
00570_MBLLEN.mp4,-1,-1,61.7
8431144343_AGCCPF.mp4,-1,-1,26.4
5893880541_GHE.mp4,-1,-1,21.1
74.mp4,-1,-1,19.6
10.mp4,-1,-1,37.4
44_JY.mp4,-1,-1,73.55
86_JY.mp4,-1,-1,52.5
0911skateBoard_DCC-Net.mp4,-1,-1,62.85
106_JY.mp4,-1,-1,50.6
pair23_DCC-Net.mp4,-1,-1,53.4
00818_GHE.mp4,-1,-1,44.65
00031_SGZSL.mp4,-1,-1,62.65
24_StableLLVE.mp4,-1,-1,70.45
00603_AGCCPF.mp4,-1,-1,48.85
pair47.mp4,-1,-1,22.75
112_GHE.mp4,-1,-1,50.4
8372557828_BPHEME.mp4,-1,-1,10.1
00723_SGZSL.mp4,-1,-1,49.05
pair24.mp4,-1,-1,23.2
31_SGZSL.mp4,-1,-1,63.9
00031_StableLLVE.mp4,-1,-1,34.3
82_AGCCPF.mp4,-1,-1,43.75
pair61_JY.mp4,-1,-1,34.35
60.mp4,-1,-1,14.45
19_JY.mp4,-1,-1,62.65
103_StableLLVE.mp4,-1,-1,50.05
52_MBLLEN.mp4,-1,-1,63.15
6469679863.mp4,-1,-1,15.35
14_BPHEME.mp4,-1,-1,38.15
00818_JY.mp4,-1,-1,40.65
5_JY.mp4,-1,-1,35.6
114_DCC-Net.mp4,-1,-1,60.05
78.mp4,-1,-1,22.05
84_AGCCPF.mp4,-1,-1,58.9
43_MBLLEN.mp4,-1,-1,66.85
00480_JY.mp4,-1,-1,49.35
pair22.mp4,-1,-1,26.6
12_JY.mp4,-1,-1,33.5
5570426341_AGCCPF.mp4,-1,-1,13.4
98.mp4,-1,-1,21.2
5850199057_MBLLEN.mp4,-1,-1,31.05
35_BPHEME.mp4,-1,-1,60.65
00596_JY.mp4,-1,-1,28.15
pair57_BPHEME.mp4,-1,-1,26.15
pair54_SGZSL.mp4,-1,-1,38.15
31.mp4,-1,-1,46.6
00110.mp4,-1,-1,42.4
pair69_SGZSL.mp4,-1,-1,56.85
0817_SGZSL.mp4,-1,-1,68.05
0923_AGCCPF.mp4,-1,-1,71.6
4020832533_BPHEME.mp4,-1,-1,28.65
pair41_SGZSL.mp4,-1,-1,54.95
20_MBLLEN.mp4,-1,-1,67.7
pair11.mp4,-1,-1,25.35
16_GHE.mp4,-1,-1,68.35
33_SGZSL.mp4,-1,-1,35.8
4020832533_AGCCPF.mp4,-1,-1,35.15
31_GHE.mp4,-1,-1,59.55
00818_MBLLEN.mp4,-1,-1,54.5
112_AGCCPF.mp4,-1,-1,68.05
00021_StableLLVE.mp4,-1,-1,45.5
105_DCC-Net.mp4,-1,-1,36.3
pair2_DCC-Net.mp4,-1,-1,53.15
106_SGZSL.mp4,-1,-1,39.75
10132105415_JY.mp4,-1,-1,20.95
pair56_AGCCPF.mp4,-1,-1,37.05
3263720175_SGZSL.mp4,-1,-1,21.75
pair66_JY.mp4,-1,-1,49.9
75_DCC-Net.mp4,-1,-1,29.05
pair32_JY.mp4,-1,-1,43.6
86.mp4,-1,-1,33.5
pair20.mp4,-1,-1,27.3
69_SGZSL.mp4,-1,-1,19.5
5570426341_BPHEME.mp4,-1,-1,11.9
00110_SGZSL.mp4,-1,-1,61
pair2_GHE.mp4,-1,-1,50.35
46.mp4,-1,-1,37.45
6059351914_DCC-Net.mp4,-1,-1,15.3
pair16_GHE.mp4,-1,-1,35.75
35.mp4,-1,-1,57.45
pair35_JY.mp4,-1,-1,36.35
01024_MBLLEN.mp4,-1,-1,24.55
59_SGZSL.mp4,-1,-1,32
pair20_JY.mp4,-1,-1,54.2
115_SGZSL.mp4,-1,-1,66.95
53_SGZSL.mp4,-1,-1,23.25
5694745216_JY.mp4,-1,-1,31.95
110_GHE.mp4,-1,-1,54.8
8278672659_SGZSL.mp4,-1,-1,28.85
8_AGCCPF.mp4,-1,-1,63.75
74_SGZSL.mp4,-1,-1,24.5
113_AGCCPF.mp4,-1,-1,58.7
8431144343_StableLLVE.mp4,-1,-1,41.1
105_StableLLVE.mp4,-1,-1,51.3
pair38_StableLLVE.mp4,-1,-1,46
100_BPHEME.mp4,-1,-1,14.4
0911skateBoard_JY.mp4,-1,-1,76.2
pair3_BPHEME.mp4,-1,-1,20.35
0923_StableLLVE.mp4,-1,-1,56.25
5893880541_JY.mp4,-1,-1,22.3
00484_DCC-Net.mp4,-1,-1,15.05
pair10_GHE.mp4,-1,-1,53.45
43_GHE.mp4,-1,-1,59.9
24_MBLLEN.mp4,-1,-1,60.65
8372557828_SGZSL.mp4,-1,-1,11.75
96_GHE.mp4,-1,-1,33.95
8324243833_DCC-Net.mp4,-1,-1,12.15
58_AGCCPF.mp4,-1,-1,49.15
00567.mp4,-1,-1,17.9
35_MBLLEN.mp4,-1,-1,69.65
107_GHE.mp4,-1,-1,22.2
106_AGCCPF.mp4,-1,-1,51.5
pair55.mp4,-1,-1,29.55
114_SGZSL.mp4,-1,-1,67.95
5668545266_GHE.mp4,-1,-1,9.1
60_BPHEME.mp4,-1,-1,17.75
8324243833_StableLLVE.mp4,-1,-1,16.6
00723_AGCCPF.mp4,-1,-1,45.85
91_BPHEME.mp4,-1,-1,12.95
77_GHE.mp4,-1,-1,30.25
pair68_AGCCPF.mp4,-1,-1,34.5
pair15_DCC-Net.mp4,-1,-1,40.7
3770747002_DCC-Net.mp4,-1,-1,12.95
63_JY.mp4,-1,-1,63.7
3627681183_DCC-Net.mp4,-1,-1,30.3
pair39_GHE.mp4,-1,-1,49.85
pair33_SGZSL.mp4,-1,-1,53.75
16.mp4,-1,-1,48.25
59_JY.mp4,-1,-1,30.7
3699089579_MBLLEN.mp4,-1,-1,37.2
39_MBLLEN.mp4,-1,-1,74.35
pair39_StableLLVE.mp4,-1,-1,47.8
46_GHE.mp4,-1,-1,56.5
11_JY.mp4,-1,-1,70.9
20_StableLLVE.mp4,-1,-1,74.4
102_GHE.mp4,-1,-1,29.8
00543_GHE.mp4,-1,-1,17.75
pair46_SGZSL.mp4,-1,-1,45.6
7390590300_GHE.mp4,-1,-1,27.25
116.mp4,-1,-1,48.65
39_SGZSL.mp4,-1,-1,75.9
pair27_JY.mp4,-1,-1,41.45
87_DCC-Net.mp4,-1,-1,42.95
30_DCC-Net.mp4,-1,-1,22.75
40_DCC-Net.mp4,-1,-1,40.5
10132105415_AGCCPF.mp4,-1,-1,18.8
pair17_DCC-Net.mp4,-1,-1,42.75
20_SGZSL.mp4,-1,-1,72.45
pair24_StableLLVE.mp4,-1,-1,44.35
66_SGZSL.mp4,-1,-1,27.5
54.mp4,-1,-1,11.45
6792979288_BPHEME.mp4,-1,-1,16.8
102_JY.mp4,-1,-1,45.1
3770747002_AGCCPF.mp4,-1,-1,19.25
85_JY.mp4,-1,-1,35.4
4_DCC-Net.mp4,-1,-1,18.9
pair32_GHE.mp4,-1,-1,56.65
52_JY.mp4,-1,-1,69.75
pair8_DCC-Net.mp4,-1,-1,58.3
pair11_BPHEME.mp4,-1,-1,20.75
pair35_BPHEME.mp4,-1,-1,23.2
4_JY.mp4,-1,-1,20.75
pair1_BPHEME.mp4,-1,-1,20.55
5412442677.mp4,-1,-1,23.35
pair40_BPHEME.mp4,-1,-1,18.45
00611_SGZSL.mp4,-1,-1,12
pair14_BPHEME.mp4,-1,-1,25
pair34_BPHEME.mp4,-1,-1,24.2
3825035703_GHE.mp4,-1,-1,34.95
5805360253_StableLLVE.mp4,-1,-1,18.15
6149591212_DCC-Net.mp4,-1,-1,19.2
51_StableLLVE.mp4,-1,-1,28
63_StableLLVE.mp4,-1,-1,67.8
85_SGZSL.mp4,-1,-1,40.8
pair39_BPHEME.mp4,-1,-1,19.5
00570_BPHEME.mp4,-1,-1,32.2
32_DCC-Net.mp4,-1,-1,59.35
pair53_DCC-Net.mp4,-1,-1,45.15
59_GHE.mp4,-1,-1,31.5
30.mp4,-1,-1,20.1
21_BPHEME.mp4,-1,-1,54.5
pair68_StableLLVE.mp4,-1,-1,52.6
94_SGZSL.mp4,-1,-1,28
pair51_AGCCPF.mp4,-1,-1,24.9
pair9_StableLLVE.mp4,-1,-1,43.85
3627681183_JY.mp4,-1,-1,30
79_SGZSL.mp4,-1,-1,76.45
3611217365.mp4,-1,-1,34.6
pair43_BPHEME.mp4,-1,-1,27.55
pair63_DCC-Net.mp4,-1,-1,48.1
6059351914_JY.mp4,-1,-1,19.3
74_StableLLVE.mp4,-1,-1,25.4
pair7_GHE.mp4,-1,-1,48.95
pair30_StableLLVE.mp4,-1,-1,50.1
59_DCC-Net.mp4,-1,-1,30.8
89_GHE.mp4,-1,-1,39.7
61_AGCCPF.mp4,-1,-1,26.15
3825035703_SGZSL.mp4,-1,-1,45.85
69_BPHEME.mp4,-1,-1,15.45
14.mp4,-1,-1,34.3
3770747002_MBLLEN.mp4,-1,-1,14.85
97_BPHEME.mp4,-1,-1,26.55
pair28_AGCCPF.mp4,-1,-1,31.45
112_StableLLVE.mp4,-1,-1,68.45
19_BPHEME.mp4,-1,-1,53.95
00110_StableLLVE.mp4,-1,-1,58
9814654176_StableLLVE.mp4,-1,-1,24.6
24_BPHEME.mp4,-1,-1,30.7
66_StableLLVE.mp4,-1,-1,30.75
103.mp4,-1,-1,27.3
7358630018_AGCCPF.mp4,-1,-1,28.85
1_StableLLVE.mp4,-1,-1,33.45
88_BPHEME.mp4,-1,-1,40.75
77_AGCCPF.mp4,-1,-1,37.05
6131895268.mp4,-1,-1,12.75
80_SGZSL.mp4,-1,-1,49.55
113_SGZSL.mp4,-1,-1,59.45
8320880668_DCC-Net.mp4,-1,-1,10.6
8278672659_JY.mp4,-1,-1,25.1
pair65_GHE.mp4,-1,-1,58.55
00480_MBLLEN.mp4,-1,-1,31
5694745216_StableLLVE.mp4,-1,-1,27.15
00567_JY.mp4,-1,-1,31.6
00543_BPHEME.mp4,-1,-1,26
pair34_StableLLVE.mp4,-1,-1,49.05
109_AGCCPF.mp4,-1,-1,66.2
4020832533_DCC-Net.mp4,-1,-1,40.5
69_GHE.mp4,-1,-1,10.75
87_StableLLVE.mp4,-1,-1,47.9
45_SGZSL.mp4,-1,-1,41.15
5107749210_MBLLEN.mp4,-1,-1,15.3
84_GHE.mp4,-1,-1,57.15
pair53_SGZSL.mp4,-1,-1,43.05
8431144343_DCC-Net.mp4,-1,-1,40.05
97_JY.mp4,-1,-1,49.15
pair48_SGZSL.mp4,-1,-1,44.55
93_SGZSL.mp4,-1,-1,69.9
5412442677_MBLLEN.mp4,-1,-1,19.65
pair23_BPHEME.mp4,-1,-1,24.35
116_AGCCPF.mp4,-1,-1,60.05
pair29_AGCCPF.mp4,-1,-1,35.5
86_StableLLVE.mp4,-1,-1,57.6
96_AGCCPF.mp4,-1,-1,36
83_DCC-Net.mp4,-1,-1,35
pair3_AGCCPF.mp4,-1,-1,29.4
3861648412_BPHEME.mp4,-1,-1,17.45
pair31_StableLLVE.mp4,-1,-1,41.9
9814654176_BPHEME.mp4,-1,-1,16.25
pair65_JY.mp4,-1,-1,42.2
62_GHE.mp4,-1,-1,23.15
93_GHE.mp4,-1,-1,58.4
00589_AGCCPF.mp4,-1,-1,44.8
4020832533_MBLLEN.mp4,-1,-1,48.4
3699089579_StableLLVE.mp4,-1,-1,22.85
45_StableLLVE.mp4,-1,-1,38.6
0911panGarden_GHE.mp4,-1,-1,57.6
00596_AGCCPF.mp4,-1,-1,24.95
pair52_SGZSL.mp4,-1,-1,40.55
pair9.mp4,-1,-1,22.35
00042_MBLLEN.mp4,-1,-1,23.7
107_StableLLVE.mp4,-1,-1,40.5
6123040072_BPHEME.mp4,-1,-1,14.2
61_JY.mp4,-1,-1,30.45
pair46.mp4,-1,-1,23.7
32_GHE.mp4,-1,-1,58.55
00480_DCC-Net.mp4,-1,-1,35.75
pair38_JY.mp4,-1,-1,31.35
22_GHE.mp4,-1,-1,38.95
pair66_SGZSL.mp4,-1,-1,54.15
00031_AGCCPF.mp4,-1,-1,65.85
pair19_GHE.mp4,-1,-1,60.3
15_SGZSL.mp4,-1,-1,64.05
00031_MBLLEN.mp4,-1,-1,64.25
0817_GHE.mp4,-1,-1,68.6
50_JY.mp4,-1,-1,56.6
3770747002_GHE.mp4,-1,-1,11.9
4_BPHEME.mp4,-1,-1,13.65
pair5_AGCCPF.mp4,-1,-1,31.6
00484_AGCCPF.mp4,-1,-1,45.25
111_AGCCPF_AGCCPF.mp4,-1,-1,35.55
81_AGCCPF.mp4,-1,-1,60.3
pair53_GHE.mp4,-1,-1,44.65
00596_MBLLEN.mp4,-1,-1,23.75
00603_JY.mp4,-1,-1,54.45
pair45_JY.mp4,-1,-1,36.2
5412442677_BPHEME.mp4,-1,-1,15.6
pair29_BPHEME.mp4,-1,-1,31.35
26_DCC-Net.mp4,-1,-1,10.35
4206970561.mp4,-1,-1,22.85
40_StableLLVE.mp4,-1,-1,52.65
7358630018_JY.mp4,-1,-1,29.9
pair29_JY.mp4,-1,-1,46.1
51_SGZSL.mp4,-1,-1,25.55
33_BPHEME.mp4,-1,-1,34.9
56_StableLLVE.mp4,-1,-1,39.05
pair47_AGCCPF.mp4,-1,-1,27.3
64_SGZSL.mp4,-1,-1,37.9
pair30_JY.mp4,-1,-1,40.4
3611217365_JY.mp4,-1,-1,44.8
108_AGCCPF.mp4,-1,-1,27.7
pair56_DCC-Net.mp4,-1,-1,59.45
8215074237_StableLLVE.mp4,-1,-1,36.6
30_StableLLVE.mp4,-1,-1,27.4
pair23_SGZSL.mp4,-1,-1,52.75
pair48_BPHEME.mp4,-1,-1,22.15
5850199057_JY.mp4,-1,-1,28.9
00042.mp4,-1,-1,24
0817_DCC-Net.mp4,-1,-1,69.6
11_DCC-Net.mp4,-1,-1,71.35
pair3_DCC-Net.mp4,-1,-1,59.65
10132105415_BPHEME.mp4,-1,-1,17.4
pair68_BPHEME.mp4,-1,-1,29.45
86_BPHEME.mp4,-1,-1,44.9
0911skateBoard_MBLLEN.mp4,-1,-1,72
00723_StableLLVE.mp4,-1,-1,54.95
37_StableLLVE.mp4,-1,-1,40.7
91_DCC-Net.mp4,-1,-1,25.25
pair13.mp4,-1,-1,25.65
79_JY.mp4,-1,-1,81.9
27_DCC-Net.mp4,-1,-1,17.3
pair54_JY.mp4,-1,-1,31.8
14_AGCCPF.mp4,-1,-1,49.85
51_DCC-Net.mp4,-1,-1,23
94_AGCCPF.mp4,-1,-1,26.4
6123040072_SGZSL.mp4,-1,-1,13.55
4_GHE.mp4,-1,-1,23.6
37_AGCCPF.mp4,-1,-1,36.75
00596_DCC-Net.mp4,-1,-1,20.3
21_StableLLVE.mp4,-1,-1,67
1_AGCCPF.mp4,-1,-1,36.8
27_GHE.mp4,-1,-1,36.95
pair28.mp4,-1,-1,24.6
pair26_JY.mp4,-1,-1,41.7
108_BPHEME.mp4,-1,-1,27.85
pair25_BPHEME.mp4,-1,-1,24.6
00589_JY.mp4,-1,-1,49.7
pair45_SGZSL.mp4,-1,-1,53.4
54_MBLLEN.mp4,-1,-1,29.9
86_DCC-Net.mp4,-1,-1,47.15
82.mp4,-1,-1,36.8
9814654176_JY.mp4,-1,-1,27.95
pair67_JY.mp4,-1,-1,42.05
01024_AGCCPF.mp4,-1,-1,36.2
1019_StableLLVE.mp4,-1,-1,65.4
96.mp4,-1,-1,21.4
pair3_StableLLVE.mp4,-1,-1,55.65
5850199057_StableLLVE.mp4,-1,-1,26.75
00021_MBLLEN.mp4,-1,-1,57.45
0817_AGCCPF.mp4,-1,-1,68.45
79_BPHEME.mp4,-1,-1,66.3
pair55_StableLLVE.mp4,-1,-1,60.6
38_MBLLEN.mp4,-1,-1,33.2
30_MBLLEN.mp4,-1,-1,28.2
6135877141.mp4,-1,-1,21
pair50_JY.mp4,-1,-1,34
pair6_BPHEME.mp4,-1,-1,32.2
99_GHE.mp4,-1,-1,42.4
pair35_DCC-Net.mp4,-1,-1,49.6
6812062788_StableLLVE.mp4,-1,-1,23.15
84_SGZSL.mp4,-1,-1,63


